hexId,col,row,terrain,mp,edges,source
0101,1,1,mixed,2,,auto
0102,1,2,mixed,2,,auto
0103,1,3,city,1,,manual
0104,1,4,mixed,2,,auto
0105,1,5,broken,3,,auto
0106,1,6,mixed,2,,auto
0107,1,7,mixed,2,,auto
0108,1,8,mixed,2,,auto
0109,1,9,mixed,2,,auto
0110,1,10,mixed,2,,auto
0111,1,11,broken,3,,auto
0112,1,12,broken,3,,auto
0113,1,13,broken,3,,auto
0114,1,14,broken,3,,auto
0115,1,15,town,1,,manual
0116,1,16,mixed,2,,auto
0117,1,17,mixed,2,,auto
0118,1,18,broken,3,,auto
0119,1,19,broken,3,,auto
0120,1,20,broken,3,,auto
0121,1,21,mixed,2,,auto
0122,1,22,mixed,2,,auto
0123,1,23,mixed,2,,auto
0124,1,24,mixed,2,,auto
0125,1,25,mixed,2,,auto
0126,1,26,mixed,2,,auto
0201,2,1,mixed,2,,auto
0202,2,2,mixed,2,,auto
0203,2,3,broken,3,,auto
0204,2,4,broken,3,,auto
0205,2,5,mixed,2,,auto
0206,2,6,mixed,2,,auto
0207,2,7,mixed,2,,auto
0208,2,8,mixed,2,,auto
0209,2,9,mixed,2,,auto
0210,2,10,broken,3,,auto
0211,2,11,broken,3,,auto
0212,2,12,broken,3,,auto
0213,2,13,mixed,2,,auto
0214,2,14,mixed,2,,auto
0215,2,15,broken,3,,auto
0216,2,16,broken,3,,auto
0217,2,17,mixed,2,,auto
0218,2,18,broken,3,,auto
0219,2,19,mixed,2,,auto
0220,2,20,mixed,2,,auto
0221,2,21,broken,3,,auto
0222,2,22,broken,3,,auto
0223,2,23,broken,3,,auto
0224,2,24,broken,3,,auto
0225,2,25,mixed,2,,auto
0226,2,26,broken,3,,auto
0301,3,1,mixed,2,,auto
0302,3,2,mixed,2,,auto
0303,3,3,mixed,2,,auto
0304,3,4,broken,3,,auto
0305,3,5,mixed,2,,auto
0306,3,6,mixed,2,,auto
0307,3,7,mixed,2,,auto
0308,3,8,mixed,2,,auto
0309,3,9,mixed,2,,auto
0310,3,10,broken,3,,auto
0311,3,11,broken,3,,auto
0312,3,12,broken,3,,auto
0313,3,13,broken,3,,auto
0314,3,14,mixed,2,,auto
0315,3,15,mixed,2,,auto
0316,3,16,mixed,2,,auto
0317,3,17,mixed,2,,auto
0318,3,18,broken,3,,auto
0319,3,19,mixed,2,,auto
0320,3,20,mixed,2,,auto
0321,3,21,broken,3,,auto
0322,3,22,broken,3,,auto
0323,3,23,broken,3,,auto
0324,3,24,broken,3,,auto
0325,3,25,mixed,2,,auto
0326,3,26,mixed,2,,auto
0401,4,1,mixed,2,,auto
0402,4,2,mixed,2,,auto
0403,4,3,mixed,2,,auto
0404,4,4,mixed,2,,auto
0405,4,5,mixed,2,,auto
0406,4,6,mixed,2,,auto
0407,4,7,broken,3,,auto
0408,4,8,mixed,2,,auto
0409,4,9,mixed,2,,auto
0410,4,10,town,1,,manual
0411,4,11,mixed,2,,auto
0412,4,12,broken,3,,auto
0413,4,13,mixed,2,,auto
0414,4,14,broken,3,,auto
0415,4,15,mixed,2,,auto
0416,4,16,mixed,2,,auto
0417,4,17,broken,3,,auto
0418,4,18,broken,3,,auto
0419,4,19,mixed,2,,auto
0420,4,20,broken,3,,auto
0421,4,21,mixed,2,,auto
0422,4,22,mixed,2,,auto
0423,4,23,mixed,2,,auto
0424,4,24,mixed,2,,auto
0425,4,25,mixed,2,,auto
0426,4,26,broken,3,,auto
0501,5,1,mixed,2,,auto
0502,5,2,mixed,2,,auto
0503,5,3,mixed,2,,auto
0504,5,4,mixed,2,,auto
0505,5,5,mixed,2,,auto
0506,5,6,mixed,2,,auto
0507,5,7,mixed,2,,auto
0508,5,8,mixed,2,,auto
0509,5,9,mixed,2,,auto
0510,5,10,mixed,2,,auto
0511,5,11,broken,3,,auto
0512,5,12,broken,3,,auto
0513,5,13,mixed,2,,auto
0514,5,14,mixed,2,,auto
0515,5,15,mixed,2,,auto
0516,5,16,mixed,2,,auto
0517,5,17,mixed,2,,auto
0518,5,18,broken,3,,auto
0519,5,19,mixed,2,,auto
0520,5,20,broken,3,,auto
0521,5,21,broken,3,,auto
0522,5,22,mixed,2,,auto
0523,5,23,broken,3,,auto
0524,5,24,mixed,2,,auto
0525,5,25,mixed,2,,auto
0526,5,26,mixed,2,,auto
0601,6,1,mixed,2,,auto
0602,6,2,mixed,2,,auto
0603,6,3,broken,3,,auto
0604,6,4,broken,3,,auto
0605,6,5,woods,2,,auto
0606,6,6,broken,3,,auto
0607,6,7,broken,3,,auto
0608,6,8,mixed,2,,auto
0609,6,9,mixed,2,,auto
0610,6,10,broken,3,,auto
0611,6,11,broken,3,,auto
0612,6,12,mixed,2,,auto
0613,6,13,mixed,2,,auto
0614,6,14,mixed,2,,auto
0615,6,15,mixed,2,,auto
0616,6,16,broken,3,,auto
0617,6,17,broken,3,,auto
0618,6,18,broken,3,,auto
0619,6,19,broken,3,,auto
0620,6,20,broken,3,,auto
0621,6,21,mixed,2,,auto
0622,6,22,mixed,2,,auto
0623,6,23,town,1,,manual
0624,6,24,mixed,2,,auto
0625,6,25,mixed,2,,auto
0626,6,26,broken,3,,auto
0701,7,1,mixed,2,,auto
0702,7,2,town,1,,manual
0703,7,3,broken,3,,auto
0704,7,4,woods,2,,auto
0705,7,5,woods,2,,auto
0706,7,6,woods,2,,auto
0707,7,7,broken,3,,auto
0708,7,8,broken,3,,auto
0709,7,9,mixed,2,,auto
0710,7,10,mixed,2,,auto
0711,7,11,broken,3,,auto
0712,7,12,mixed,2,,auto
0713,7,13,broken,3,,auto
0714,7,14,broken,3,,auto
0715,7,15,mixed,2,,auto
0716,7,16,mixed,2,,auto
0717,7,17,mixed,2,,auto
0718,7,18,broken,3,,auto
0719,7,19,broken,3,,auto
0720,7,20,mixed,2,,auto
0721,7,21,mixed,2,,auto
0722,7,22,mixed,2,,auto
0723,7,23,mixed,2,,auto
0724,7,24,mixed,2,,auto
0725,7,25,mixed,2,,auto
0726,7,26,mixed,2,,auto
0801,8,1,mixed,2,,auto
0802,8,2,broken,3,,auto
0803,8,3,broken,3,,auto
0804,8,4,broken,3,,auto
0805,8,5,broken,3,,auto
0806,8,6,broken,3,,auto
0807,8,7,mixed,2,,auto
0808,8,8,mixed,2,,auto
0809,8,9,mixed,2,,auto
0810,8,10,broken,3,,auto
0811,8,11,broken,3,,auto
0812,8,12,town,1,,manual
0813,8,13,mixed,2,,auto
0814,8,14,broken,3,,auto
0815,8,15,mixed,2,,auto
0816,8,16,mixed,2,,auto
0817,8,17,broken,3,,auto
0818,8,18,broken,3,,auto
0819,8,19,broken,3,,auto
0820,8,20,broken,3,,auto
0821,8,21,mixed,2,,auto
0822,8,22,mixed,2,,auto
0823,8,23,mixed,2,,auto
0824,8,24,mixed,2,,auto
0825,8,25,mixed,2,,auto
0826,8,26,broken,3,,auto
0901,9,1,mixed,2,,auto
0902,9,2,mixed,2,,auto
0903,9,3,broken,3,,auto
0904,9,4,broken,3,,auto
0905,9,5,broken,3,,auto
0906,9,6,broken,3,,auto
0907,9,7,mixed,2,,auto
0908,9,8,mixed,2,,auto
0909,9,9,mixed,2,,auto
0910,9,10,broken,3,,auto
0911,9,11,broken,3,,auto
0912,9,12,broken,3,,auto
0913,9,13,mixed,2,,auto
0914,9,14,mixed,2,,auto
0915,9,15,broken,3,,auto
0916,9,16,broken,3,,auto
0917,9,17,broken,3,,auto
0918,9,18,broken,3,,auto
0919,9,19,broken,3,,auto
0920,9,20,town,1,,manual
0921,9,21,broken,3,,auto
0922,9,22,mixed,2,,auto
0923,9,23,mixed,2,,auto
0924,9,24,mixed,2,,auto
0925,9,25,mixed,2,,auto
0926,9,26,mixed,2,,auto
1001,10,1,mixed,2,,auto
1002,10,2,mixed,2,,auto
1003,10,3,mixed,2,,auto
1004,10,4,town,1,,manual
1005,10,5,mixed,2,,auto
1006,10,6,mixed,2,,auto
1007,10,7,mixed,2,,auto
1008,10,8,mixed,2,,auto
1009,10,9,broken,3,,auto
1010,10,10,broken,3,,auto
1011,10,11,broken,3,,auto
1012,10,12,mixed,2,,auto
1013,10,13,mixed,2,,auto
1014,10,14,broken,3,,auto
1015,10,15,broken,3,,auto
1016,10,16,mixed,2,,auto
1017,10,17,broken,3,,auto
1018,10,18,broken,3,,auto
1019,10,19,broken,3,,auto
1020,10,20,broken,3,,auto
1021,10,21,broken,3,,auto
1022,10,22,mixed,2,,auto
1023,10,23,mixed,2,,auto
1024,10,24,mixed,2,,auto
1025,10,25,mixed,2,,auto
1026,10,26,broken,3,,auto
1101,11,1,mixed,2,,auto
1102,11,2,mixed,2,,auto
1103,11,3,mixed,2,,auto
1104,11,4,mixed,2,,auto
1105,11,5,mixed,2,,auto
1106,11,6,mixed,2,,auto
1107,11,7,mixed,2,,auto
1108,11,8,broken,3,,auto
1109,11,9,broken,3,,auto
1110,11,10,mixed,2,,auto
1111,11,11,mixed,2,,auto
1112,11,12,mixed,2,,auto
1113,11,13,mixed,2,,auto
1114,11,14,broken,3,,auto
1115,11,15,broken,3,,auto
1116,11,16,mixed,2,,auto
1117,11,17,mixed,2,,auto
1118,11,18,broken,3,,auto
1119,11,19,mixed,2,,auto
1120,11,20,mixed,2,,auto
1121,11,21,mixed,2,,auto
1122,11,22,broken,3,,auto
1123,11,23,mixed,2,,auto
1124,11,24,mixed,2,,auto
1125,11,25,mixed,2,,auto
1126,11,26,mixed,2,,auto
1201,12,1,mixed,2,,auto
1202,12,2,mixed,2,,auto
1203,12,3,mixed,2,,auto
1204,12,4,mixed,2,,auto
1205,12,5,mixed,2,,auto
1206,12,6,mixed,2,,auto
1207,12,7,mixed,2,,auto
1208,12,8,broken,3,,auto
1209,12,9,mixed,2,,auto
1210,12,10,mixed,2,,auto
1211,12,11,mixed,2,,auto
1212,12,12,mixed,2,,auto
1213,12,13,broken,3,,auto
1214,12,14,broken,3,,auto
1215,12,15,mixed,2,,auto
1216,12,16,broken,3,,auto
1217,12,17,broken,3,,auto
1218,12,18,mixed,2,,auto
1219,12,19,broken,3,,auto
1220,12,20,town,1,,manual
1221,12,21,mixed,2,,auto
1222,12,22,mixed,2,,auto
1223,12,23,mixed,2,,auto
1224,12,24,mixed,2,,auto
1225,12,25,mixed,2,,auto
1226,12,26,broken,3,,auto
1301,13,1,mixed,2,,auto
1302,13,2,mixed,2,,auto
1303,13,3,mixed,2,,auto
1304,13,4,mixed,2,,auto
1305,13,5,broken,3,,auto
1306,13,6,town,1,,manual
1307,13,7,broken,3,,auto
1308,13,8,town,1,,manual
1309,13,9,mixed,2,,auto
1310,13,10,mixed,2,,auto
1311,13,11,mixed,2,,auto
1312,13,12,mixed,2,,auto
1313,13,13,mixed,2,,auto
1314,13,14,mixed,2,,auto
1315,13,15,broken,3,,auto
1316,13,16,broken,3,,auto
1317,13,17,broken,3,,auto
1318,13,18,mixed,2,,auto
1319,13,19,mixed,2,,auto
1320,13,20,mixed,2,,auto
1321,13,21,mixed,2,,auto
1322,13,22,mixed,2,,auto
1323,13,23,mixed,2,,auto
1324,13,24,town,1,,manual
1325,13,25,mixed,2,,auto
1326,13,26,mixed,2,,auto
1401,14,1,mixed,2,,auto
1402,14,2,mixed,2,,auto
1403,14,3,mixed,2,,auto
1404,14,4,mixed,2,,auto
1405,14,5,broken,3,,auto
1406,14,6,broken,3,,auto
1407,14,7,broken,3,,auto
1408,14,8,mixed,2,,auto
1409,14,9,mixed,2,,auto
1410,14,10,mixed,2,,auto
1411,14,11,town,1,,manual
1412,14,12,town,1,,manual
1413,14,13,mixed,2,,auto
1414,14,14,mixed,2,,auto
1415,14,15,mixed,2,,auto
1416,14,16,woods,2,,auto
1417,14,17,mixed,2,,auto
1418,14,18,mixed,2,,auto
1419,14,19,mixed,2,,auto
1420,14,20,mixed,2,,auto
1421,14,21,mixed,2,,auto
1422,14,22,mixed,2,,auto
1423,14,23,broken,3,,auto
1424,14,24,mixed,2,,auto
1425,14,25,mixed,2,,auto
1426,14,26,broken,3,,auto
1501,15,1,mixed,2,,auto
1502,15,2,mixed,2,,auto
1503,15,3,broken,3,,auto
1504,15,4,broken,3,,auto
1505,15,5,mixed,2,,auto
1506,15,6,mixed,2,,auto
1507,15,7,mixed,2,,auto
1508,15,8,mixed,2,,auto
1509,15,9,mixed,2,,auto
1510,15,10,mixed,2,,auto
1511,15,11,broken,3,,auto
1512,15,12,mixed,2,,auto
1513,15,13,mixed,2,,auto
1514,15,14,mixed,2,,auto
1515,15,15,broken,3,,auto
1516,15,16,mixed,2,,auto
1517,15,17,mixed,2,,auto
1518,15,18,mixed,2,,auto
1519,15,19,broken,3,,auto
1520,15,20,mixed,2,,auto
1521,15,21,mixed,2,,auto
1522,15,22,broken,3,,auto
1523,15,23,mixed,2,,auto
1524,15,24,mixed,2,,auto
1525,15,25,mixed,2,,auto
1526,15,26,mixed,2,,auto
1601,16,1,mixed,2,,auto
1602,16,2,mixed,2,,auto
1603,16,3,broken,3,,auto
1604,16,4,mixed,2,,auto
1605,16,5,mixed,2,,auto
1606,16,6,mixed,2,,auto
1607,16,7,mixed,2,,auto
1608,16,8,mixed,2,,auto
1609,16,9,mixed,2,,auto
1610,16,10,mixed,2,,auto
1611,16,11,mixed,2,,auto
1612,16,12,mixed,2,,auto
1613,16,13,mixed,2,,auto
1614,16,14,mixed,2,,auto
1615,16,15,mixed,2,,auto
1616,16,16,broken,3,,auto
1617,16,17,mixed,2,,auto
1618,16,18,broken,3,,auto
1619,16,19,broken,3,,auto
1620,16,20,mixed,2,,auto
1621,16,21,mixed,2,,auto
1622,16,22,mixed,2,,auto
1623,16,23,town,1,,manual
1624,16,24,mixed,2,,auto
1625,16,25,mixed,2,,auto
1626,16,26,broken,3,,auto
1701,17,1,mixed,2,,auto
1702,17,2,mixed,2,,auto
1703,17,3,broken,3,,auto
1704,17,4,mixed,2,,auto
1705,17,5,mixed,2,,auto
1706,17,6,mixed,2,,auto
1707,17,7,mixed,2,,auto
1708,17,8,mixed,2,,auto
1709,17,9,mixed,2,,auto
1710,17,10,mixed,2,,auto
1711,17,11,mixed,2,,auto
1712,17,12,mixed,2,,auto
1713,17,13,broken,3,,auto
1714,17,14,mixed,2,,auto
1715,17,15,mixed,2,,auto
1716,17,16,mixed,2,,auto
1717,17,17,mixed,2,,auto
1718,17,18,mixed,2,,auto
1719,17,19,mixed,2,,auto
1720,17,20,mixed,2,,auto
1721,17,21,mixed,2,,auto
1722,17,22,mixed,2,,auto
1723,17,23,mixed,2,,auto
1724,17,24,mixed,2,,auto
1725,17,25,mixed,2,,auto
1726,17,26,mixed,2,,auto
1801,18,1,mixed,2,,auto
1802,18,2,broken,3,,auto
1803,18,3,mixed,2,,auto
1804,18,4,mixed,2,,auto
1805,18,5,mixed,2,,auto
1806,18,6,mixed,2,,auto
1807,18,7,woods,2,,auto
1808,18,8,mixed,2,,auto
1809,18,9,mixed,2,,auto
1810,18,10,mixed,2,,auto
1811,18,11,woods,2,,auto
1812,18,12,broken,3,,auto
1813,18,13,mixed,2,,auto
1814,18,14,mixed,2,,auto
1815,18,15,mixed,2,,auto
1816,18,16,town,1,,manual
1817,18,17,mixed,2,,auto
1818,18,18,mixed,2,,auto
1819,18,19,mixed,2,,auto
1820,18,20,mixed,2,,auto
1821,18,21,mixed,2,,auto
1822,18,22,mixed,2,,auto
1823,18,23,mixed,2,,auto
1824,18,24,mixed,2,,auto
1825,18,25,mixed,2,,auto
1826,18,26,broken,3,,auto
1901,19,1,broken,3,,auto
1902,19,2,mixed,2,,auto
1903,19,3,mixed,2,,auto
1904,19,4,mixed,2,,auto
1905,19,5,mixed,2,,auto
1906,19,6,mixed,2,,auto
1907,19,7,woods,2,,auto
1908,19,8,woods,2,,auto
1909,19,9,mixed,2,,auto
1910,19,10,woods,2,,auto
1911,19,11,woods,2,,auto
1912,19,12,rough,4,,auto
1913,19,13,mixed,2,,auto
1914,19,14,mixed,2,,auto
1915,19,15,woods,2,,auto
1916,19,16,mixed,2,,auto
1917,19,17,mixed,2,,auto
1918,19,18,mixed,2,,auto
1919,19,19,mixed,2,,auto
1920,19,20,mixed,2,,auto
1921,19,21,broken,3,,auto
1922,19,22,woods,2,,auto
1923,19,23,town,1,,manual
1924,19,24,broken,3,,auto
1925,19,25,broken,3,,auto
1926,19,26,woods,2,,auto
2001,20,1,mixed,2,,auto
2002,20,2,broken,3,,auto
2003,20,3,broken,3,,auto
2004,20,4,mixed,2,,auto
2005,20,5,mixed,2,,auto
2006,20,6,mixed,2,,auto
2007,20,7,mixed,2,,auto
2008,20,8,mixed,2,,auto
2009,20,9,mixed,2,,auto
2010,20,10,woods,2,,auto
2011,20,11,mixed,2,,auto
2012,20,12,mixed,2,,auto
2013,20,13,broken,3,,auto
2014,20,14,mixed,2,,auto
2015,20,15,mixed,2,,auto
2016,20,16,mixed,2,,auto
2017,20,17,mixed,2,,auto
2018,20,18,mixed,2,,auto
2019,20,19,mixed,2,,auto
2020,20,20,town,1,,manual
2021,20,21,rough,4,,auto
2022,20,22,broken,3,,auto
2023,20,23,broken,3,,auto
2024,20,24,mixed,2,,auto
2025,20,25,broken,3,,auto
2026,20,26,broken,3,,auto
2101,21,1,broken,3,,auto
2102,21,2,mixed,2,,auto
2103,21,3,broken,3,,auto
2104,21,4,broken,3,,auto
2105,21,5,mixed,2,,auto
2106,21,6,mixed,2,,auto
2107,21,7,mixed,2,,auto
2108,21,8,mixed,2,,auto
2109,21,9,mixed,2,,auto
2110,21,10,woods,2,,auto
2111,21,11,broken,3,,auto
2112,21,12,mixed,2,,auto
2113,21,13,mixed,2,,auto
2114,21,14,mixed,2,,auto
2115,21,15,mixed,2,,auto
2116,21,16,town,1,,manual
2117,21,17,mixed,2,,auto
2118,21,18,mixed,2,,auto
2119,21,19,mixed,2,,auto
2120,21,20,broken,3,,auto
2121,21,21,mixed,2,,auto
2122,21,22,woods,2,,auto
2123,21,23,rough,4,,auto
2124,21,24,mixed,2,,auto
2125,21,25,mixed,2,,auto
2126,21,26,rough,4,,auto
2201,22,1,broken,3,,auto
2202,22,2,broken,3,,auto
2203,22,3,broken,3,,auto
2204,22,4,broken,3,,auto
2205,22,5,broken,3,,auto
2206,22,6,mixed,2,,auto
2207,22,7,mixed,2,,auto
2208,22,8,broken,3,,auto
2209,22,9,town,1,,manual
2210,22,10,woods,2,,auto
2211,22,11,mixed,2,,auto
2212,22,12,mixed,2,,auto
2213,22,13,mixed,2,,auto
2214,22,14,mixed,2,,auto
2215,22,15,broken,3,,auto
2216,22,16,mixed,2,,auto
2217,22,17,mixed,2,,auto
2218,22,18,mixed,2,,auto
2219,22,19,mixed,2,,auto
2220,22,20,broken,3,,auto
2221,22,21,woods,2,,auto
2222,22,22,rough,4,,auto
2223,22,23,broken,3,,auto
2224,22,24,mixed,2,,auto
2225,22,25,woods,2,,auto
2226,22,26,broken,3,,auto
2301,23,1,mixed,2,,auto
2302,23,2,broken,3,,auto
2303,23,3,broken,3,,auto
2304,23,4,broken,3,,auto
2305,23,5,broken,3,,auto
2306,23,6,broken,3,,auto
2307,23,7,mixed,2,,auto
2308,23,8,mixed,2,,auto
2309,23,9,mixed,2,,auto
2310,23,10,mixed,2,,auto
2311,23,11,mixed,2,,auto
2312,23,12,mixed,2,,auto
2313,23,13,broken,3,,auto
2314,23,14,broken,3,,auto
2315,23,15,mixed,2,,auto
2316,23,16,broken,3,,auto
2317,23,17,woods,2,,auto
2318,23,18,mixed,2,,auto
2319,23,19,mixed,2,,auto
2320,23,20,town,1,,manual
2321,23,21,woods,2,,auto
2322,23,22,rough,4,,auto
2323,23,23,town,1,,manual
2324,23,24,mixed,2,,auto
2325,23,25,broken,3,,auto
2326,23,26,woods,2,,auto
2401,24,1,mixed,2,,auto
2402,24,2,broken,3,,auto
2403,24,3,broken,3,,auto
2404,24,4,broken,3,,auto
2405,24,5,broken,3,,auto
2406,24,6,broken,3,,auto
2407,24,7,mixed,2,,auto
2408,24,8,broken,3,,auto
2409,24,9,mixed,2,,auto
2410,24,10,broken,3,,auto
2411,24,11,broken,3,,auto
2412,24,12,broken,3,,auto
2413,24,13,mixed,2,,auto
2414,24,14,broken,3,,auto
2415,24,15,mixed,2,,auto
2416,24,16,woods,2,,auto
2417,24,17,mixed,2,,auto
2418,24,18,mixed,2,,auto
2419,24,19,woods,2,,auto
2420,24,20,woods,2,,auto
2421,24,21,city,1,,manual
2422,24,22,city,1,,manual
2423,24,23,broken,3,,auto
2424,24,24,mixed,2,,auto
2425,24,25,mixed,2,,auto
2426,24,26,broken,3,,auto
2501,25,1,broken,3,,auto
2502,25,2,broken,3,,auto
2503,25,3,mixed,2,,auto
2504,25,4,mixed,2,,auto
2505,25,5,broken,3,,auto
2506,25,6,broken,3,,auto
2507,25,7,broken,3,,auto
2508,25,8,broken,3,,auto
2509,25,9,broken,3,,auto
2510,25,10,broken,3,,auto
2511,25,11,broken,3,,auto
2512,25,12,broken,3,,auto
2513,25,13,mixed,2,,auto
2514,25,14,mixed,2,,auto
2515,25,15,broken,3,,auto
2516,25,16,broken,3,,auto
2517,25,17,woods,2,,auto
2518,25,18,mixed,2,,auto
2519,25,19,broken,3,,auto
2520,25,20,broken,3,,auto
2521,25,21,city,1,,manual
2522,25,22,city,1,,manual
2523,25,23,mixed,2,,auto
2524,25,24,mixed,2,,auto
2525,25,25,mixed,2,,auto
2526,25,26,mixed,2,,auto
2601,26,1,broken,3,,auto
2602,26,2,broken,3,,auto
2603,26,3,mixed,2,,auto
2604,26,4,broken,3,,auto
2605,26,5,mixed,2,,auto
2606,26,6,mixed,2,,auto
2607,26,7,mixed,2,,auto
2608,26,8,mixed,2,,auto
2609,26,9,mixed,2,,auto
2610,26,10,broken,3,,auto
2611,26,11,broken,3,,auto
2612,26,12,mixed,2,,auto
2613,26,13,mixed,2,,auto
2614,26,14,mixed,2,,auto
2615,26,15,mixed,2,,auto
2616,26,16,broken,3,,auto
2617,26,17,broken,3,,auto
2618,26,18,broken,3,,auto
2619,26,19,mixed,2,,auto
2620,26,20,broken,3,,auto
2621,26,21,broken,3,,auto
2622,26,22,city,1,,manual
2623,26,23,mixed,2,,auto
2624,26,24,mixed,2,,auto
2625,26,25,mixed,2,,auto
2626,26,26,broken,3,,auto
2701,27,1,broken,3,,auto
2702,27,2,broken,3,,auto
2703,27,3,broken,3,,auto
2704,27,4,broken,3,,auto
2705,27,5,broken,3,,auto
2706,27,6,broken,3,,auto
2707,27,7,mixed,2,,auto
2708,27,8,mixed,2,,auto
2709,27,9,broken,3,,auto
2710,27,10,mixed,2,,auto
2711,27,11,mixed,2,,auto
2712,27,12,broken,3,,auto
2713,27,13,mixed,2,,auto
2714,27,14,mixed,2,,auto
2715,27,15,mixed,2,,auto
2716,27,16,broken,3,,auto
2717,27,17,mixed,2,,auto
2718,27,18,mixed,2,,auto
2719,27,19,mixed,2,,auto
2720,27,20,mixed,2,,auto
2721,27,21,broken,3,,auto
2722,27,22,mixed,2,,auto
2723,27,23,mixed,2,,auto
2724,27,24,mixed,2,,auto
2725,27,25,mixed,2,,auto
2726,27,26,mixed,2,,auto
2801,28,1,broken,3,,auto
2802,28,2,broken,3,,auto
2803,28,3,mixed,2,,auto
2804,28,4,mixed,2,,auto
2805,28,5,mixed,2,,auto
2806,28,6,broken,3,,auto
2807,28,7,broken,3,,auto
2808,28,8,broken,3,,auto
2809,28,9,mixed,2,,auto
2810,28,10,mixed,2,,auto
2811,28,11,mixed,2,,auto
2812,28,12,broken,3,,auto
2813,28,13,broken,3,,auto
2814,28,14,broken,3,,auto
2815,28,15,broken,3,,auto
2816,28,16,mixed,2,,auto
2817,28,17,mixed,2,,auto
2818,28,18,mixed,2,,auto
2819,28,19,mixed,2,,auto
2820,28,20,broken,3,,auto
2821,28,21,mixed,2,,auto
2822,28,22,mixed,2,,auto
2823,28,23,mixed,2,,auto
2824,28,24,mixed,2,,auto
2825,28,25,mixed,2,,auto
2826,28,26,broken,3,,auto
2901,29,1,broken,3,,auto
2902,29,2,broken,3,,auto
2903,29,3,broken,3,,auto
2904,29,4,broken,3,,auto
2905,29,5,broken,3,,auto
2906,29,6,mixed,2,,auto
2907,29,7,broken,3,,auto
2908,29,8,broken,3,,auto
2909,29,9,mixed,2,,auto
2910,29,10,mixed,2,,auto
2911,29,11,mixed,2,,auto
2912,29,12,broken,3,,auto
2913,29,13,mixed,2,,auto
2914,29,14,broken,3,,auto
2915,29,15,mixed,2,,auto
2916,29,16,broken,3,,auto
2917,29,17,woods,2,,auto
2918,29,18,woods,2,,auto
2919,29,19,broken,3,,auto
2920,29,20,broken,3,,auto
2921,29,21,broken,3,,auto
2922,29,22,mixed,2,,auto
2923,29,23,mixed,2,,auto
2924,29,24,mixed,2,,auto
2925,29,25,mixed,2,,auto
2926,29,26,mixed,2,,auto
3001,30,1,broken,3,,auto
3002,30,2,broken,3,,auto
3003,30,3,broken,3,,auto
3004,30,4,broken,3,,auto
3005,30,5,mixed,2,,auto
3006,30,6,broken,3,,auto
3007,30,7,broken,3,,auto
3008,30,8,broken,3,,auto
3009,30,9,mixed,2,,auto
3010,30,10,broken,3,,auto
3011,30,11,mixed,2,,auto
3012,30,12,mixed,2,,auto
3013,30,13,broken,3,,auto
3014,30,14,mixed,2,,auto
3015,30,15,mixed,2,,auto
3016,30,16,woods,2,,auto
3017,30,17,mixed,2,,auto
3018,30,18,mixed,2,,auto
3019,30,19,town,1,,manual
3020,30,20,broken,3,,auto
3021,30,21,mixed,2,,auto
3022,30,22,mixed,2,,auto
3023,30,23,mixed,2,,auto
3024,30,24,mixed,2,,auto
3025,30,25,mixed,2,,auto
3026,30,26,broken,3,,auto
3101,31,1,broken,3,,auto
3102,31,2,broken,3,,auto
3103,31,3,broken,3,,auto
3104,31,4,broken,3,,auto
3105,31,5,broken,3,,auto
3106,31,6,mixed,2,,auto
3107,31,7,broken,3,,auto
3108,31,8,mixed,2,,auto
3109,31,9,mixed,2,,auto
3110,31,10,mixed,2,,auto
3111,31,11,broken,3,,auto
3112,31,12,broken,3,,auto
3113,31,13,woods,2,,auto
3114,31,14,woods,2,,auto
3115,31,15,woods,2,,auto
3116,31,16,woods,2,,auto
3117,31,17,broken,3,,auto
3118,31,18,mixed,2,,auto
3119,31,19,broken,3,,auto
3120,31,20,broken,3,,auto
3121,31,21,broken,3,,auto
3122,31,22,mixed,2,,auto
3123,31,23,mixed,2,,auto
3124,31,24,mixed,2,,auto
3125,31,25,mixed,2,,auto
3126,31,26,broken,3,,auto
3201,32,1,broken,3,,auto
3202,32,2,broken,3,,auto
3203,32,3,broken,3,,auto
3204,32,4,broken,3,,auto
3205,32,5,mixed,2,,auto
3206,32,6,mixed,2,,auto
3207,32,7,broken,3,,auto
3208,32,8,broken,3,,auto
3209,32,9,broken,3,,auto
3210,32,10,broken,3,,auto
3211,32,11,broken,3,,auto
3212,32,12,broken,3,,auto
3213,32,13,broken,3,,auto
3214,32,14,broken,3,,auto
3215,32,15,broken,3,,auto
3216,32,16,broken,3,,auto
3217,32,17,broken,3,,auto
3218,32,18,broken,3,,auto
3219,32,19,broken,3,,auto
3220,32,20,broken,3,,auto
3221,32,21,broken,3,,auto
3222,32,22,broken,3,,auto
3223,32,23,mixed,2,,auto
3224,32,24,town,1,,manual
3225,32,25,broken,3,,auto
3226,32,26,broken,3,,auto
3301,33,1,broken,3,,auto
3302,33,2,broken,3,,auto
3303,33,3,broken,3,,auto
3304,33,4,broken,3,,auto
3305,33,5,broken,3,,auto
3306,33,6,mixed,2,,auto
3307,33,7,broken,3,,auto
3308,33,8,woods,2,,auto
3309,33,9,mixed,2,,auto
3310,33,10,mixed,2,,auto
3311,33,11,woods,2,,auto
3312,33,12,woods,2,,auto
3313,33,13,woods,2,,auto
3314,33,14,woods,2,,auto
3315,33,15,mixed,2,,auto
3316,33,16,mixed,2,,auto
3317,33,17,mixed,2,,auto
3318,33,18,broken,3,,auto
3319,33,19,broken,3,,auto
3320,33,20,broken,3,,auto
3321,33,21,broken,3,,auto
3322,33,22,broken,3,,auto
3323,33,23,mixed,2,,auto
3324,33,24,mixed,2,,auto
3325,33,25,broken,3,,auto
3326,33,26,broken,3,,auto
3401,34,1,broken,3,,auto
3402,34,2,broken,3,,auto
3403,34,3,broken,3,,auto
3404,34,4,broken,3,,auto
3405,34,5,mixed,2,,auto
3406,34,6,mixed,2,,auto
3407,34,7,woods,2,,auto
3408,34,8,broken,3,,auto
3409,34,9,mixed,2,,auto
3410,34,10,broken,3,,auto
3411,34,11,mixed,2,,auto
3412,34,12,broken,3,,auto
3413,34,13,broken,3,,auto
3414,34,14,mixed,2,,auto
3415,34,15,broken,3,,auto
3416,34,16,broken,3,,auto
3417,34,17,broken,3,,auto
3418,34,18,mixed,2,,auto
3419,34,19,mixed,2,,auto
3420,34,20,broken,3,,auto
3421,34,21,broken,3,,auto
3422,34,22,broken,3,,auto
3423,34,23,city,1,,manual
3424,34,24,city,1,,manual
3425,34,25,broken,3,,auto
3426,34,26,broken,3,,auto
3501,35,1,broken,3,,auto
3502,35,2,broken,3,,auto
3503,35,3,broken,3,,auto
3504,35,4,broken,3,,auto
3505,35,5,broken,3,,auto
3506,35,6,mixed,2,,auto
3507,35,7,broken,3,,auto
3508,35,8,mixed,2,,auto
3509,35,9,broken,3,,auto
3510,35,10,broken,3,,auto
3511,35,11,mixed,2,,auto
3512,35,12,mixed,2,,auto
3513,35,13,rough,4,,auto
3514,35,14,woods,2,,auto
3515,35,15,woods,2,,auto
3516,35,16,mixed,2,,auto
3517,35,17,mixed,2,,auto
3518,35,18,broken,3,,auto
3519,35,19,rough,4,,auto
3520,35,20,broken,3,,auto
3521,35,21,broken,3,,auto
3522,35,22,broken,3,,auto
3523,35,23,city,1,,manual
3524,35,24,city,1,,manual
3525,35,25,woods,2,,auto
3526,35,26,broken,3,,auto
3601,36,1,broken,3,,auto
3602,36,2,broken,3,,auto
3603,36,3,broken,3,,auto
3604,36,4,broken,3,,auto
3605,36,5,mixed,2,,auto
3606,36,6,mixed,2,,auto
3607,36,7,broken,3,,auto
3608,36,8,mixed,2,,auto
3609,36,9,mixed,2,,auto
3610,36,10,woods,2,,auto
3611,36,11,woods,2,,auto
3612,36,12,rough,4,,auto
3613,36,13,town,1,,manual
3614,36,14,mixed,2,,auto
3615,36,15,woods,2,,auto
3616,36,16,woods,2,,auto
3617,36,17,mixed,2,,auto
3618,36,18,town,1,,manual
3619,36,19,town,1,,manual
3620,36,20,town,1,,manual
3621,36,21,town,1,,manual
3622,36,22,rough,4,,auto
3623,36,23,woods,2,,auto
3624,36,24,woods,2,,auto
3625,36,25,rough,4,,auto
3626,36,26,broken,3,,auto
3701,37,1,broken,3,,auto
3702,37,2,broken,3,,auto
3703,37,3,broken,3,,auto
3704,37,4,broken,3,,auto
3705,37,5,broken,3,,auto
3706,37,6,mixed,2,,auto
3707,37,7,mixed,2,,auto
3708,37,8,mixed,2,,auto
3709,37,9,mixed,2,,auto
3710,37,10,rough,4,,auto
3711,37,11,woods,2,,auto
3712,37,12,broken,3,,auto
3713,37,13,broken,3,,auto
3714,37,14,mixed,2,,auto
3715,37,15,woods,2,,auto
3716,37,16,woods,2,,auto
3717,37,17,mixed,2,,auto
3718,37,18,mixed,2,,auto
3719,37,19,woods,2,,auto
3720,37,20,rough,4,,auto
3721,37,21,rough,4,,auto
3722,37,22,woods,2,,auto
3723,37,23,woods,2,,auto
3724,37,24,woods,2,,auto
3725,37,25,rough,4,,auto
3726,37,26,rough,4,,auto
3801,38,1,broken,3,,auto
3802,38,2,broken,3,,auto
3803,38,3,broken,3,,auto
3804,38,4,broken,3,,auto
3805,38,5,mixed,2,,auto
3806,38,6,mixed,2,,auto
3807,38,7,mixed,2,,auto
3808,38,8,mixed,2,,auto
3809,38,9,rough,4,,auto
3810,38,10,woods,2,,auto
3811,38,11,mixed,2,,auto
3812,38,12,mixed,2,,auto
3813,38,13,broken,3,,auto
3814,38,14,woods,2,,auto
3815,38,15,rough,4,,auto
3816,38,16,woods,2,,auto
3817,38,17,mixed,2,,auto
3818,38,18,mixed,2,,auto
3819,38,19,woods,2,,auto
3820,38,20,woods,2,,auto
3821,38,21,woods,2,,auto
3822,38,22,rough,4,,auto
3823,38,23,woods,2,,auto
3824,38,24,woods,2,,auto
3825,38,25,broken,3,,auto
3826,38,26,broken,3,,auto
3901,39,1,broken,3,,auto
3902,39,2,broken,3,,auto
3903,39,3,broken,3,,auto
3904,39,4,broken,3,,auto
3905,39,5,broken,3,,auto
3906,39,6,mixed,2,,auto
3907,39,7,mixed,2,,auto
3908,39,8,broken,3,,auto
3909,39,9,rough,4,,auto
3910,39,10,broken,3,,auto
3911,39,11,mixed,2,,auto
3912,39,12,mixed,2,,auto
3913,39,13,mixed,2,,auto
3914,39,14,woods,2,,auto
3915,39,15,woods,2,,auto
3916,39,16,woods,2,,auto
3917,39,17,mixed,2,,auto
3918,39,18,mixed,2,,auto
3919,39,19,mixed,2,,auto
3920,39,20,woods,2,,auto
3921,39,21,woods,2,,auto
3922,39,22,rough,4,,auto
3923,39,23,rough,4,,auto
3924,39,24,woods,2,,auto
3925,39,25,woods,2,,auto
3926,39,26,woods,2,,auto
